<?xml version="1.0" encoding="UTF-8"?>
<project-private xmlns="http://www.netbeans.org/ns/project-private/1">
    <editor-bookmarks xmlns="http://www.netbeans.org/ns/editor-bookmarks/2" lastBookmarkId="0"/>
    <open-files xmlns="http://www.netbeans.org/ns/projectui-open-files/2">
        <group>
            <file>file:/E:/rezacuy/siakad_ti2/src/Form/KoneksiDB.java</file>
            <file>file:/E:/rezacuy/siakad_ti2/src/Form/report_dosen.jrxml</file>
            <file>file:/E:/rezacuy/siakad_ti2/src/Form/FormMahasiswa.java</file>
            <file>file:/E:/rezacuy/siakad_ti2/src/Form/report_mhs.jrxml</file>
            <file>file:/E:/rezacuy/siakad_ti2/src/Form/FormDosen.java</file>
        </group>
    </open-files>
</project-private>
